{"accuracy": 0.6790855207451313, "macro avg": {"precision": 0.34401585165499576, "recall": 0.2985180578895351, "f1-score": 0.3023573184412943, "support": 1181.0}, "weighted avg": {"precision": 0.7284901211072498, "recall": 0.6790855207451313, "f1-score": 0.6795405507983042, "support": 1181.0}}