{"accuracy": 0.4428450465707028, "macro avg": {"precision": 0.1723739206560052, "recall": 0.12517343904340375, "f1-score": 0.128337469889148, "support": 1181.0}, "weighted avg": {"precision": 0.5588203379986322, "recall": 0.4428450465707028, "f1-score": 0.4508099020358576, "support": 1181.0}}