{"accuracy": 0.3648468708388815, "macro avg": {"precision": 0.12251981047935225, "recall": 0.09142703030856182, "f1-score": 0.09076075037064285, "support": 751}, "weighted avg": {"precision": 0.4725864559519888, "recall": 0.3648468708388815, "f1-score": 0.35553323612752075, "support": 751}}