{"accuracy": 0.532, "macro avg": {"precision": 0.23981901566486352, "recall": 0.20138199636695103, "f1-score": 0.2040446925777553, "support": 500.0}, "weighted avg": {"precision": 0.6650466385380738, "recall": 0.532, "f1-score": 0.5621431791163607, "support": 500.0}}