{"accuracy": 0.31025299600532624, "macro avg": {"precision": 0.07315797905392865, "recall": 0.049622509708173494, "f1-score": 0.052354416591335974, "support": 751}, "weighted avg": {"precision": 0.4951864537934974, "recall": 0.31025299600532624, "f1-score": 0.3202913767544651, "support": 751}}